{"metadata":{"formatVersion":3.1,"sourceFile":"ResScene.obj","generatedBy":"OBJConverter","vertices":225,"faces":97,"normals":0,"colors":0,"uvs":0,"materials":0},"scale":1.000000,"materials":[{"DbgColor":15658734,"DbgIndex":0,"DbgName":"default"}],"vertices":[4.666667,0.041665,21.333330,4.666667,0.041665,34.583340,3.833333,0.041665,34.583340,4.666667,0.041665,21.333330,3.833333,0.041665,34.583340,3.416667,0.041665,34.583340,0.000000,0.041665,37.083340,0.166666,0.041665,36.750000,0.666667,0.041665,36.916670,0.583333,0.041665,37.583340,0.000000,0.041665,37.666670,4.666667,0.041665,35.750000,4.333333,0.041665,35.750000,4.500000,0.041665,35.583340,4.666667,0.041665,35.750000,4.500000,0.041665,35.583340,4.500000,0.041665,35.166670,4.666667,0.041665,34.583340,3.833333,0.041665,34.583340,4.666667,0.041665,34.583340,4.500000,0.041665,35.166670,3.083333,0.041665,35.416670,3.416667,0.041665,35.833340,2.333333,0.041665,36.000000,3.083333,0.041665,35.166670,3.083333,0.041665,35.416670,2.333333,0.041665,36.000000,0.583333,0.041665,36.000000,2.333333,0.041665,36.000000,1.583333,0.041665,36.500000,3.416667,0.041665,34.583340,3.083333,0.041665,35.166670,2.333333,0.041665,36.000000,0.583333,0.041665,36.000000,3.416667,0.041665,34.583340,0.583333,0.041665,36.000000,0.000000,0.041665,36.000000,0.000000,0.041665,21.333330,4.666667,0.041665,21.333330,-4.250000,0.041665,28.333330,-4.750000,0.041665,28.333330,-4.750000,0.041665,21.333330,-3.583333,0.041665,28.333330,-4.250000,0.041665,28.333330,-4.750000,0.041665,21.333330,0.000000,0.041665,37.666670,-0.250000,0.041665,37.666670,-0.250000,0.041665,37.333340,0.000000,0.041665,37.083340,-3.250000,0.041665,28.416670,-3.583333,0.041665,28.333330,-4.750000,0.041665,21.333330,-4.000000,0.041665,34.333340,-4.083333,0.041665,34.500000,-4.500000,0.041665,34.500000,-4.750000,0.041665,34.333340,-4.500000,0.041665,34.500000,-4.666667,0.041665,34.750000,-4.750000,0.041665,34.333340,-1.083333,0.041665,36.166670,-3.083333,0.041665,35.000000,-3.083333,0.041665,34.666670,-4.750000,0.041665,28.333330,-4.250000,0.041665,28.333330,-4.666667,0.041665,28.833330,-4.666667,0.041665,29.333330,-4.083333,0.041665,30.000000,-4.750000,0.041665,30.000000,-4.750000,0.041665,28.333330,-4.666667,0.041665,28.833330,-4.666667,0.041665,29.333330,-4.750000,0.041665,30.000000,-4.750000,0.041665,34.333340,-4.750000,0.041665,30.000000,-4.083333,0.041665,30.000000,-4.000000,0.041665,34.333340,-2.916667,0.041665,28.833330,-3.250000,0.041665,28.416670,-4.750000,0.041665,21.333330,-4.000000,0.041665,34.333340,-4.083333,0.041665,30.000000,-3.500000,0.041665,30.000000,-3.333333,0.041665,34.333340,-3.500000,0.041665,35.916670,-3.583333,0.041665,35.750000,-3.250000,0.041665,35.583340,-1.083333,0.041665,36.166670,-0.500000,0.041665,36.000000,-0.916667,0.041665,36.416670,-1.083333,0.041665,36.166670,-3.250000,0.041665,35.583340,-3.250000,0.041665,35.166670,-3.083333,0.041665,35.000000,-1.083333,0.041665,36.166670,-3.333333,0.041665,34.333340,-3.500000,0.041665,30.000000,-3.000000,0.041665,29.583330,-1.083333,0.041665,36.166670,-3.083333,0.041665,34.666670,-3.333333,0.041665,34.333340,-0.500000,0.041665,36.000000,-2.916667,0.041665,28.833330,-4.750000,0.041665,21.333330,0.000000,0.041665,21.333330,0.000000,0.041665,36.000000,0.000000,0.041665,36.000000,-0.500000,0.041665,36.000000,-3.333333,0.041665,34.333340,-3.000000,0.041665,29.583330,-2.916667,0.041665,28.833330,-2.833333,0.041665,5.833333,-4.750000,0.041665,5.833333,-4.750000,0.041665,0.250000,-2.666667,0.041665,6.000000,-2.833333,0.041665,5.833333,-4.750000,0.041665,0.250000,0.000000,0.041665,0.250000,-2.416667,0.041665,14.666670,-3.083333,0.041665,14.666670,-2.833333,0.041665,6.833333,-2.666667,0.041665,6.666667,-3.250000,0.041665,14.833330,-3.250000,0.041665,16.250000,-4.750000,0.041665,16.250000,-4.750000,0.041665,14.666670,-3.083333,0.041665,14.666670,-4.750000,0.041665,14.666670,-4.750000,0.041665,6.833333,-2.833333,0.041665,6.833333,-4.750000,0.041665,14.666670,-3.083333,0.041665,14.666670,-3.250000,0.041665,14.833330,0.000000,0.041665,21.333330,-4.750000,0.041665,21.333330,-2.416667,0.041665,17.250000,-2.250000,0.041665,17.083330,-4.750000,0.041665,21.333330,-4.750000,0.041665,17.250000,-2.416667,0.041665,17.250000,0.000000,0.041665,21.333330,-2.250000,0.041665,17.083330,-2.250000,0.041665,14.833330,-2.666667,0.041665,6.666667,-2.666667,0.041665,6.000000,0.000000,0.041665,0.250000,0.000000,0.041665,21.333330,-2.250000,0.041665,14.833330,-2.250000,0.041665,14.833330,-2.416667,0.041665,14.666670,-2.666667,0.041665,6.666667,4.666667,0.041665,0.250000,4.666667,0.041665,5.833333,2.750000,0.041665,5.833333,4.666667,0.041665,0.250000,2.750000,0.041665,5.833333,2.583333,0.041665,6.000000,0.000000,0.041665,0.250000,2.583333,0.041665,6.666667,2.750000,0.041665,6.833333,3.833333,0.041665,15.166670,0.000000,0.041665,0.250000,2.583333,0.041665,6.000000,2.583333,0.041665,6.666667,4.666667,0.041665,6.833333,4.666667,0.041665,15.166670,4.250000,0.041665,15.166670,4.666667,0.041665,6.833333,4.250000,0.041665,15.166670,3.833333,0.041665,15.166670,2.750000,0.041665,6.833333,0.000000,0.041665,21.333330,0.416666,0.041665,21.083330,3.500000,0.041665,21.083330,4.666667,0.041665,21.333330,4.250000,0.041665,15.166670,4.666667,0.041665,15.166670,4.666667,0.041665,15.333330,3.500000,0.041665,15.416670,3.333333,0.041665,15.916670,0.250000,0.041665,20.250000,2.583333,0.041665,6.666667,3.500000,0.041665,21.083330,4.666667,0.041665,21.083330,4.666667,0.041665,21.333330,3.333333,0.041665,16.500000,0.416666,0.041665,20.083330,0.250000,0.041665,20.250000,3.333333,0.041665,15.916670,2.583333,0.041665,6.666667,3.833333,0.041665,15.166670,3.500000,0.041665,15.416670,4.666667,0.041665,16.916670,4.333333,0.041665,16.916670,4.666667,0.041665,16.583330,4.333333,0.041665,16.916670,4.666667,0.041665,16.916670,4.666667,0.041665,20.083330,3.333333,0.041665,16.500000,3.833333,0.041665,16.916670,3.500000,0.041665,20.083330,0.416666,0.041665,20.083330,3.833333,0.041665,16.916670,4.333333,0.041665,16.916670,4.666667,0.041665,20.083330,3.500000,0.041665,20.083330,4.666667,0.041665,21.083330,3.666667,0.041665,20.916670,3.666667,0.041665,20.250000,4.666667,0.041665,20.083330,4.666667,0.041665,21.083330,3.500000,0.041665,21.083330,3.666667,0.041665,20.916670,3.666667,0.041665,20.250000,3.500000,0.041665,20.083330,4.666667,0.041665,20.083330,0.250000,0.041665,20.916670,0.416666,0.041665,21.083330,0.000000,0.041665,21.333330,0.250000,0.041665,20.250000,0.250000,0.041665,20.916670,0.000000,0.041665,21.333330,2.583333,0.041665,6.666667,0.250000,0.041665,20.250000,0.000000,0.041665,21.333330,0.000000,0.041665,0.250000],"morphTargets":[],"morphColors":[],"normals":[],"colors":[],"uvs":[[]],