{"metadata":{"formatVersion":3.1,"sourceFile":"ResScene.obj","generatedBy":"OBJConverter","vertices":224,"faces":98,"normals":0,"colors":0,"uvs":0,"materials":0},"scale":1.000000,"materials":[{"DbgColor":15658734,"DbgIndex":0,"DbgName":"default"}],"vertices":[0.000000,0.041666,21.333330,0.666667,0.041666,21.333330,0.500000,0.041666,21.583330,0.000000,0.041666,21.583330,0.000000,0.041666,21.583330,-0.250000,0.041666,21.583330,-0.250000,0.041666,21.333330,0.000000,0.041666,21.333330,-2.916667,0.041666,21.333330,-2.583333,0.041666,21.416670,-2.750000,0.041666,21.750000,-3.500000,0.041666,21.750000,-3.583333,0.041666,21.333330,0.000000,0.041666,0.250000,0.000000,0.041666,3.500000,-2.333333,0.041666,3.500000,-4.750000,0.041666,0.250000,0.000000,0.041666,0.250000,-2.333333,0.041666,3.500000,-2.583333,0.041666,3.750000,-2.583333,0.041666,4.250000,-2.333333,0.041666,4.500000,-1.333333,0.041666,10.583330,-4.750000,0.041666,0.250000,-2.583333,0.041666,3.750000,-2.583333,0.041666,4.250000,-3.583333,0.041666,21.333330,-3.666667,0.041666,21.250000,-3.416667,0.041666,21.000000,-3.250000,0.041666,21.000000,-2.916667,0.041666,21.333330,0.000000,0.041666,4.500000,-0.750000,0.041666,10.583330,-1.333333,0.041666,10.583330,-2.333333,0.041666,4.500000,-2.583333,0.041666,4.250000,-1.333333,0.041666,10.583330,-4.750000,0.041666,10.583330,-4.750000,0.041666,0.250000,0.000000,0.041666,21.333330,-0.250000,0.041666,21.333330,0.000000,0.041666,21.000000,-1.083333,0.041666,12.833330,-0.916667,0.041666,12.083330,-0.750000,0.041666,12.000000,-2.333333,0.041666,19.916670,-0.500000,0.041666,19.916670,-1.166667,0.041666,20.083330,-4.333333,0.041666,15.500000,-4.750000,0.041666,15.500000,-4.750000,0.041666,13.750000,-4.083333,0.041666,15.500000,-4.333333,0.041666,15.500000,-4.750000,0.041666,13.750000,-0.500000,0.041666,19.916670,-0.833333,0.041666,20.333330,-1.166667,0.041666,20.083330,-0.583333,0.041666,10.750000,-0.750000,0.041666,10.583330,0.000000,0.041666,4.500000,-2.416667,0.041666,16.583330,-1.500000,0.041666,13.500000,-1.083333,0.041666,12.833330,-2.333333,0.041666,19.916670,-3.250000,0.041666,19.333330,-3.083333,0.041666,18.833330,-4.750000,0.041666,10.583330,-1.333333,0.041666,10.583330,-2.250000,0.041666,12.750000,-4.750000,0.041666,12.750000,-2.416667,0.041666,16.583330,-3.166667,0.041666,16.416670,-3.166667,0.041666,16.083330,-2.333333,0.041666,19.916670,-3.666667,0.041666,19.750000,-3.250000,0.041666,19.333330,-3.500000,0.041666,15.666670,-4.083333,0.041666,15.500000,-4.750000,0.041666,13.750000,-1.750000,0.041666,13.750000,-2.416667,0.041666,16.583330,-3.166667,0.041666,16.083330,-3.500000,0.041666,15.666670,-1.750000,0.041666,13.750000,-1.500000,0.041666,13.500000,-3.083333,0.041666,18.500000,-3.333333,0.041666,18.166670,-3.250000,0.041666,18.166670,-3.083333,0.041666,18.500000,-3.250000,0.041666,18.166670,-3.000000,0.041666,18.166670,-4.750000,0.041666,15.500000,-4.333333,0.041666,15.500000,-4.666667,0.041666,15.750000,-4.000000,0.041666,17.250000,-3.416667,0.041666,18.083330,-3.500000,0.041666,18.083330,-4.000000,0.041666,17.250000,-3.500000,0.041666,18.083330,-3.833333,0.041666,18.083330,-4.750000,0.041666,18.083330,-4.666667,0.041666,16.750000,-4.583333,0.041666,17.083330,-4.750000,0.041666,18.083330,-4.583333,0.041666,17.083330,-4.416667,0.041666,17.250000,-3.833333,0.041666,18.083330,-4.750000,0.041666,18.083330,-4.416667,0.041666,17.250000,-4.000000,0.041666,17.250000,-3.333333,0.041666,18.166670,-3.500000,0.041666,18.083330,-3.416667,0.041666,18.083330,-3.250000,0.041666,18.166670,-4.500000,0.041666,18.333330,-4.666667,0.041666,18.583330,-4.750000,0.041666,18.083330,-4.750000,0.041666,18.083330,-3.833333,0.041666,18.083330,-4.083333,0.041666,18.333330,-4.500000,0.041666,18.333330,-3.083333,0.041666,18.833330,-3.083333,0.041666,18.500000,-3.000000,0.041666,18.166670,-2.333333,0.041666,17.666670,-0.500000,0.041666,19.916670,-2.333333,0.041666,19.916670,0.000000,0.041666,20.000000,-0.583333,0.041666,10.750000,0.000000,0.041666,4.500000,-2.166667,0.041666,16.916670,-2.416667,0.041666,16.583330,-1.083333,0.041666,12.833330,0.000000,0.041666,20.000000,-0.750000,0.041666,12.000000,-0.583333,0.041666,10.750000,0.000000,0.041666,20.000000,-0.500000,0.041666,19.916670,-2.333333,0.041666,17.666670,-2.166667,0.041666,16.916670,-1.083333,0.041666,12.833330,-0.750000,0.041666,12.000000,4.666667,0.041666,0.250000,4.666667,0.041666,2.250000,4.500000,0.041666,2.250000,4.666667,0.041666,0.250000,4.500000,0.041666,2.250000,4.166667,0.041666,2.250000,0.000000,0.041666,21.333330,0.000000,0.041666,21.000000,0.166667,0.041666,20.666670,0.666667,0.041666,20.833330,0.666667,0.041666,21.333330,3.583334,0.041666,3.166667,3.666667,0.041666,3.500000,0.000000,0.041666,3.500000,1.916667,0.041666,20.166670,1.500000,0.041666,20.500000,0.916667,0.041666,20.000000,2.333334,0.041666,19.916670,2.166667,0.041666,20.166670,1.916667,0.041666,20.166670,0.916667,0.041666,20.000000,0.500000,0.041666,19.916670,4.666667,0.041666,4.500000,4.666667,0.041666,8.500000,2.500000,0.041666,8.500000,0.000000,0.041666,4.500000,4.666667,0.041666,4.500000,2.500000,0.041666,8.500000,2.250000,0.041666,8.750000,2.250000,0.041666,9.250000,2.500000,0.041666,9.500000,3.416667,0.041666,17.416670,0.000000,0.041666,4.500000,2.250000,0.041666,8.750000,2.250000,0.041666,9.250000,4.666667,0.041666,9.500000,4.666667,0.041666,17.416670,3.833334,0.041666,17.416670,4.666667,0.041666,9.500000,3.833334,0.041666,17.416670,3.416667,0.041666,17.416670,2.500000,0.041666,9.500000,3.750000,0.041666,2.500000,3.583334,0.041666,3.166667,0.000000,0.041666,3.500000,4.666667,0.041666,18.750000,4.000000,0.041666,18.750000,4.500000,0.041666,18.416670,4.500000,0.041666,17.916670,3.833334,0.041666,17.416670,4.666667,0.041666,17.416670,4.666667,0.041666,18.750000,4.500000,0.041666,18.416670,4.500000,0.041666,17.916670,4.666667,0.041666,17.416670,3.583334,0.041666,18.750000,4.000000,0.041666,18.750000,4.666667,0.041666,19.666670,4.666667,0.041666,0.250000,4.166667,0.041666,2.250000,3.750000,0.041666,2.500000,0.000000,0.041666,3.500000,0.000000,0.041666,0.250000,4.000000,0.041666,18.750000,4.666667,0.041666,18.750000,4.666667,0.041666,19.666670,3.583334,0.041666,18.750000,4.666667,0.041666,19.666670,2.333334,0.041666,19.916670,3.083334,0.041666,18.250000,3.583334,0.041666,18.750000,2.333334,0.041666,19.916670,3.166667,0.041666,17.666670,3.083334,0.041666,18.250000,2.333334,0.041666,19.916670,0.500000,0.041666,19.916670,3.416667,0.041666,17.416670,3.166667,0.041666,17.666670,0.500000,0.041666,19.916670,0.000000,0.041666,20.000000,0.000000,0.041666,4.500000,2.250000,0.041666,9.250000],"morphTargets":[],"morphColors":[],"normals":[],"colors":[],"uvs":[[]],