{"metadata":{"formatVersion":3.1,"sourceFile":"ResScene.obj","generatedBy":"OBJConverter","vertices":187,"faces":83,"normals":0,"colors":0,"uvs":0,"materials":0},"scale":1.000000,"materials":[{"DbgColor":15658734,"DbgIndex":0,"DbgName":"default"}],"vertices":[-2.000000,0.041666,17.750000,-2.500000,0.041666,17.500000,-2.500000,0.041666,17.250000,-2.500000,0.041666,17.250000,-3.000000,0.041666,16.666670,-2.666667,0.041666,16.416670,-3.416667,0.041666,21.333330,-3.500000,0.041666,21.000000,-3.166667,0.041666,20.750000,-2.583333,0.041666,21.083330,-2.500000,0.041666,21.333330,0.000000,0.041666,21.333330,-0.250000,0.041666,21.333330,-0.250000,0.041666,21.000000,0.000000,0.041666,20.750000,-2.250000,0.041666,19.666670,-0.500000,0.041666,19.666670,-0.750000,0.041666,20.000000,-2.666667,0.041666,16.416670,-2.666667,0.041666,14.333330,-1.166667,0.041666,14.333330,-0.166667,0.041666,19.666670,-0.500000,0.041666,19.666670,-2.000000,0.041666,18.416670,-4.750000,0.041666,19.500000,-4.333333,0.041666,19.500000,-4.583333,0.041666,19.750000,-4.750000,0.041666,19.750000,-2.833333,0.041666,9.666667,-4.750000,0.041666,9.666667,-4.750000,0.041666,0.250000,-1.166667,0.041666,13.333330,-2.666667,0.041666,13.333330,-2.666667,0.041666,9.833334,-1.000000,0.041666,13.500000,-1.166667,0.041666,13.333330,-2.666667,0.041666,9.833334,-4.750000,0.041666,0.250000,0.000000,0.041666,0.250000,-2.666667,0.041666,9.833334,-2.833333,0.041666,9.666667,-4.750000,0.041666,0.250000,-4.250000,0.041666,16.083330,-4.166667,0.041666,15.916670,-3.666667,0.041666,15.833330,-3.583333,0.041666,16.583330,-4.166667,0.041666,16.916670,-3.583333,0.041666,19.166670,-3.250000,0.041666,19.416670,-4.750000,0.041666,19.416670,-4.000000,0.041666,18.083330,-3.583333,0.041666,19.166670,-4.750000,0.041666,19.416670,-4.250000,0.041666,17.750000,-4.750000,0.041666,16.083330,-4.250000,0.041666,16.083330,-4.166667,0.041666,16.916670,-4.250000,0.041666,17.750000,-4.750000,0.041666,19.416670,-4.000000,0.041666,18.083330,-3.583333,0.041666,18.166670,-3.583333,0.041666,19.166670,-4.333333,0.041666,19.500000,-4.750000,0.041666,19.500000,-4.750000,0.041666,19.416670,-4.333333,0.041666,19.500000,-4.750000,0.041666,19.416670,-3.250000,0.041666,19.416670,-3.500000,0.041666,19.500000,-3.500000,0.041666,19.500000,-3.250000,0.041666,19.416670,-2.833333,0.041666,19.416670,-2.250000,0.041666,19.666670,-3.500000,0.041666,19.500000,-2.833333,0.041666,19.416670,-2.250000,0.041666,19.666670,-2.833333,0.041666,19.416670,-2.083333,0.041666,18.750000,-2.250000,0.041666,19.666670,-2.083333,0.041666,18.750000,-2.000000,0.041666,18.416670,-0.500000,0.041666,19.666670,-2.000000,0.041666,17.750000,-2.500000,0.041666,17.250000,-2.666667,0.041666,16.416670,0.000000,0.041666,19.750000,-0.166667,0.041666,19.666670,-2.000000,0.041666,18.416670,-2.000000,0.041666,17.750000,-2.666667,0.041666,16.416670,-1.166667,0.041666,14.333330,-1.000000,0.041666,14.166670,0.000000,0.041666,19.750000,-2.000000,0.041666,17.750000,0.000000,0.041666,19.750000,-1.000000,0.041666,14.166670,-1.000000,0.041666,13.500000,0.000000,0.041666,0.250000,-3.083333,0.041666,21.666670,-3.333333,0.041666,21.666670,-3.416667,0.041666,21.333330,-2.500000,0.041666,21.333330,-2.666667,0.041666,21.583330,0.000000,0.041666,21.333330,0.000000,0.041666,20.750000,0.166666,0.041666,20.416670,0.666667,0.041666,20.583330,0.666667,0.041666,21.166670,0.500000,0.041666,21.333330,0.000000,0.041666,0.250000,4.666667,0.041666,0.250000,2.666667,0.041666,9.833334,4.666667,0.041666,0.250000,4.666667,0.041666,9.666667,2.833333,0.041666,9.666667,4.666667,0.041666,0.250000,2.833333,0.041666,9.666667,2.666667,0.041666,9.833334,0.500000,0.041666,19.666670,2.250000,0.041666,19.666670,0.916667,0.041666,19.750000,4.666667,0.041666,16.583330,3.500000,0.041666,16.583330,3.666667,0.041666,16.083330,4.666667,0.041666,15.833330,4.666667,0.041666,16.583330,4.666667,0.041666,18.000000,3.833333,0.041666,18.000000,3.500000,0.041666,16.583330,2.250000,0.041666,19.666670,1.500000,0.041666,20.166670,0.916667,0.041666,19.750000,3.500000,0.041666,16.583330,3.833333,0.041666,18.000000,3.416667,0.041666,18.000000,2.833333,0.041666,16.583330,4.666667,0.041666,19.250000,4.166667,0.041666,19.250000,4.500000,0.041666,19.000000,4.166667,0.041666,18.083330,3.833333,0.041666,18.000000,4.666667,0.041666,18.000000,4.500000,0.041666,18.500000,4.166667,0.041666,18.083330,4.666667,0.041666,18.000000,4.666667,0.041666,19.250000,4.500000,0.041666,19.000000,4.500000,0.041666,18.500000,4.666667,0.041666,18.000000,2.833333,0.041666,16.583330,3.416667,0.041666,18.000000,3.166667,0.041666,18.250000,4.500000,0.041666,19.416670,4.666667,0.041666,19.416670,4.666667,0.041666,19.583330,3.500000,0.041666,19.250000,4.166667,0.041666,19.250000,4.000000,0.041666,19.416670,4.666667,0.041666,19.250000,4.666667,0.041666,19.416670,4.500000,0.041666,19.416670,4.166667,0.041666,19.250000,4.666667,0.041666,19.250000,4.500000,0.041666,19.416670,4.000000,0.041666,19.416670,3.500000,0.041666,19.250000,4.000000,0.041666,19.416670,2.250000,0.041666,19.666670,3.083333,0.041666,18.833330,3.500000,0.041666,19.250000,2.250000,0.041666,19.666670,3.166667,0.041666,18.250000,3.083333,0.041666,18.833330,2.250000,0.041666,19.666670,0.500000,0.041666,19.666670,3.166667,0.041666,18.250000,0.500000,0.041666,19.666670,0.166666,0.041666,19.666670,2.666667,0.041666,16.416670,2.833333,0.041666,16.583330,3.166667,0.041666,18.250000,0.166666,0.041666,19.666670,2.666667,0.041666,16.416670,0.166666,0.041666,19.666670,0.000000,0.041666,19.750000,0.000000,0.041666,0.250000,2.666667,0.041666,9.833334],"morphTargets":[],"morphColors":[],"normals":[],"colors":[],"uvs":[[]],"faces":[2,0,2,1,0,2,3,5,4,0,2,6,8,7,0,2,6,9,8,0,2,6,10,9,0,2,11,13,12,0,2,11,14,13,0,2,15,17,16,0,2,18,20,19,0,2,21,23,22,0,2,24,26,25,0,2,24,27,26,0,2,28,30,29,0,2,31,33,32,0,2,34,36,35,0,2,34,37,36,0,2,34,38,37,0,2,39,41,40,0,2,42,44,43,0,2,42,45,44,0,2,42,46,45,0,2,47,49,48,0,2,50,52,51,0,2,50,53,52,0,2,54,56,55,0,2,54,57,56,0,2,54,58,57,0,2,59,61,60,0,2,62,64,63,0,2,65,67,66,0,2,65,68,67,0,2,69,71,70,0,2,72,74,73,0,2,75,77,76,0,2,78,80,79,0,2,78,81,80,0,2,82,84,83,0,2,85,87,86,0,2,85,88,87,0,2,89,91,90,0,2,89,92,91,0,2,89,93,92,0,2,94,96,95,0,2,94,97,96,0,2,98,100,99,0,2,98,101,100,0,2,98,102,101,0,2,103,105,104,0,2,103,106,105,0,2,103,107,106,0,2,103,108,107,0,2,109,111,110,0,2,112,114,113,0,2,115,117,116,0,2,118,120,119,0,2,121,123,122,0,2,121,124,123,0,2,125,127,126,0,2,125,128,127,0,2,129,131,130,0,2,132,134,133,0,2,132,135,134,0,2,136,138,137,0,2,139,141,140,0,2,142,144,143,0,2,145,147,146,0,2,145,148,147,0,2,149,151,150,0,2,152,154,153,0,2,155,157,156,0,2,158,160,159,0,2,161,163,162,0,2,161,164,163,0,2,165,167,166,0,2,168,170,169,0,2,171,173,172,0,2,171,174,173,0,2,175,177,176,0,2,178,180,179,0,2,178,181,180,0,2,182,184,183,0,2,182,185,184,0,2,182,186,185,0]}