{"metadata":{"formatVersion":3.1,"sourceFile":"ResScene.obj","generatedBy":"OBJConverter","vertices":224,"faces":102,"normals":0,"colors":0,"uvs":0,"materials":0},"scale":1.000000,"materials":[{"DbgColor":15658734,"DbgIndex":0,"DbgName":"default"}],"vertices":[0.000000,0.041665,20.750000,-4.750000,0.041665,20.750000,-2.500000,0.041665,15.250000,-1.083333,0.041665,15.250000,-2.916667,0.041665,9.250000,0.000000,0.041665,9.250000,-1.083333,0.041665,12.666670,-2.500000,0.041665,12.666670,-2.916667,0.041665,8.250000,-3.083333,0.041665,8.416667,-4.750000,0.041665,0.250000,-3.083333,0.041665,9.083334,-2.916667,0.041665,9.250000,-2.500000,0.041665,12.666670,-4.750000,0.041665,12.666670,-2.916667,0.041665,8.250000,-4.750000,0.041665,0.250000,0.000000,0.041665,0.250000,0.000000,0.041665,8.250000,-3.083333,0.041665,8.416667,-3.083333,0.041665,9.083334,-4.750000,0.041665,12.666670,-4.750000,0.041665,0.250000,-0.916667,0.041665,12.833330,-1.083333,0.041665,12.666670,0.000000,0.041665,9.250000,-4.750000,0.041665,20.750000,-4.750000,0.041665,15.250000,-2.500000,0.041665,15.250000,-4.750000,0.041665,15.250000,-4.750000,0.041665,12.666670,-2.666667,0.041665,12.833330,-2.666667,0.041665,15.083330,-4.750000,0.041665,12.666670,-2.500000,0.041665,12.666670,-2.666667,0.041665,12.833330,-2.666667,0.041665,15.083330,-2.500000,0.041665,15.250000,-4.750000,0.041665,15.250000,0.000000,0.041665,20.750000,-1.083333,0.041665,15.250000,-0.916667,0.041665,15.083330,-0.916667,0.041665,15.083330,-0.916667,0.041665,12.833330,0.000000,0.041665,9.250000,0.000000,0.041665,20.750000,0.000000,0.041665,20.750000,0.750000,0.041665,15.583330,0.916667,0.041665,15.750000,1.583333,0.041665,13.166670,0.916667,0.041665,13.166670,0.000000,0.041665,9.250000,2.833333,0.041665,9.250000,0.000000,0.041665,8.250000,0.916667,0.041665,3.750000,1.083333,0.041665,3.916667,2.833333,0.041665,8.250000,1.583333,0.041665,13.166670,2.833333,0.041665,9.250000,3.000000,0.041665,9.083334,4.666667,0.041665,13.166670,2.833333,0.041665,8.250000,1.083333,0.041665,3.916667,4.666667,0.041665,3.916667,3.000000,0.041665,8.416667,4.666667,0.041665,0.250000,4.666667,0.041665,2.916667,1.083333,0.041665,2.916667,0.000000,0.041665,0.250000,4.666667,0.041665,13.166670,3.000000,0.041665,9.083334,3.000000,0.041665,8.416667,4.666667,0.041665,3.916667,0.000000,0.041665,0.250000,1.083333,0.041665,2.916667,0.916667,0.041665,3.083333,0.000000,0.041665,0.250000,0.916667,0.041665,3.083333,0.916667,0.041665,3.750000,0.000000,0.041665,8.250000,1.750000,0.041665,13.333330,1.583333,0.041665,13.166670,4.666667,0.041665,13.166670,4.666667,0.041665,14.750000,1.750000,0.041665,14.750000,1.750000,0.041665,13.333330,4.666667,0.041665,13.166670,4.666667,0.041665,21.333330,0.250000,0.041665,20.916670,0.000000,0.041665,20.750000,0.916667,0.041665,15.750000,4.666667,0.041665,15.750000,4.666667,0.041665,21.333330,0.250000,0.041665,21.333330,0.250000,0.041665,20.916670,0.000000,0.041665,9.250000,0.916667,0.041665,13.166670,0.750000,0.041665,13.333330,0.000000,0.041665,9.250000,0.750000,0.041665,13.333330,0.750000,0.041665,15.583330,0.000000,0.041665,20.750000,4.666667,0.041665,25.750000,4.666667,0.041665,30.000000,3.833333,0.041665,30.000000,0.250000,0.041665,21.583330,0.250000,0.041665,21.333330,4.666667,0.041665,21.333330,4.666667,0.041665,24.750000,1.750000,0.041665,24.750000,4.666667,0.041665,25.750000,3.833333,0.041665,30.000000,3.416667,0.041665,30.000000,1.750000,0.041665,25.750000,0.000000,0.041665,33.166670,0.000000,0.041665,32.583340,0.166666,0.041665,32.250000,0.666667,0.041665,32.333340,0.666667,0.041665,32.916670,0.416666,0.041665,33.166670,3.166667,0.041665,30.250000,3.083333,0.041665,30.833330,2.583333,0.041665,31.333330,1.583333,0.041665,32.000000,0.833333,0.041665,31.500000,0.000000,0.041665,21.750000,0.250000,0.041665,21.583330,1.750000,0.041665,24.750000,1.583333,0.041665,24.916670,4.666667,0.041665,31.250000,4.250000,0.041665,31.250000,4.500000,0.041665,31.000000,4.500000,0.041665,30.500000,3.833333,0.041665,30.000000,4.666667,0.041665,30.000000,4.666667,0.041665,31.250000,4.500000,0.041665,31.000000,4.500000,0.041665,30.500000,4.666667,0.041665,30.000000,3.083333,0.041665,30.833330,3.500000,0.041665,31.333330,2.583333,0.041665,31.333330,3.416667,0.041665,30.000000,3.166667,0.041665,30.250000,0.833333,0.041665,31.500000,0.000000,0.041665,31.500000,1.583333,0.041665,25.583330,1.750000,0.041665,25.750000,0.000000,0.041665,21.750000,1.583333,0.041665,24.916670,1.583333,0.041665,25.583330,0.000000,0.041665,31.500000,-4.333333,0.041665,25.833330,-4.750000,0.041665,25.833330,-1.750000,0.041665,25.750000,-4.083333,0.041665,25.833330,-4.333333,0.041665,25.833330,-1.750000,0.041665,25.750000,0.000000,0.041665,33.166670,-0.250000,0.041665,33.083340,-0.250000,0.041665,32.833340,0.000000,0.041665,32.583340,-4.666667,0.041665,29.666670,-3.833333,0.041665,29.666670,-4.750000,0.041665,30.166670,-3.333333,0.041665,27.083330,-3.333333,0.041665,26.583330,-1.750000,0.041665,25.750000,-1.000000,0.041665,31.666670,-3.250000,0.041665,30.916670,-3.083333,0.041665,30.416670,-1.750000,0.041665,24.750000,-4.750000,0.041665,24.750000,-4.750000,0.041665,21.750000,0.000000,0.041665,21.750000,-1.583333,0.041665,24.916670,-1.750000,0.041665,24.750000,0.000000,0.041665,21.750000,-1.000000,0.041665,31.666670,-3.666667,0.041665,31.333330,-3.250000,0.041665,30.916670,-0.583333,0.041665,31.500000,-0.916667,0.041665,31.833330,-1.000000,0.041665,31.666670,-4.750000,0.041665,25.833330,-4.333333,0.041665,25.833330,-4.666667,0.041665,26.083330,-4.750000,0.041665,27.583330,-4.750000,0.041665,27.416670,-4.583333,0.041665,27.416670,-4.416667,0.041665,27.583330,-4.666667,0.041665,29.666670,-4.750000,0.041665,27.583330,-4.416667,0.041665,27.583330,-3.833333,0.041665,29.666670,-4.666667,0.041665,29.666670,-4.416667,0.041665,27.583330,-3.833333,0.041665,27.583330,-3.333333,0.041665,26.583330,-4.083333,0.041665,25.833330,-1.750000,0.041665,25.750000,-3.500000,0.041665,29.666670,-3.833333,0.041665,29.666670,-3.833333,0.041665,27.583330,-3.166667,0.041665,29.916670,-3.500000,0.041665,29.666670,-3.833333,0.041665,27.583330,-3.333333,0.041665,27.083330,-1.750000,0.041665,25.750000,-0.583333,0.041665,31.500000,-1.000000,0.041665,31.666670,-3.083333,0.041665,30.416670,-1.583333,0.041665,25.583330,-1.583333,0.041665,24.916670,0.000000,0.041665,21.750000,-0.583333,0.041665,31.500000,-3.083333,0.041665,30.416670,-3.166667,0.041665,29.916670,-1.583333,0.041665,25.583330,0.000000,0.041665,21.750000,0.000000,0.041665,31.500000,-3.166667,0.041665,29.916670,-1.750000,0.041665,25.750000,-1.583333,0.041665,25.583330],"morphTargets":[],"morphColors":[],"normals":[],"colors":[],"uvs":[[]],