{"metadata":{"formatVersion":3.1,"sourceFile":"ResScene.obj","generatedBy":"OBJConverter","vertices":238,"faces":104,"normals":0,"colors":0,"uvs":0,"materials":0},"scale":1.000000,"materials":[{"DbgColor":15658734,"DbgIndex":0,"DbgName":"default"}],"vertices":[0.000000,0.041666,3.833333,-1.750000,0.041666,3.833333,-1.750000,0.041666,0.250000,0.000000,0.041666,0.250000,-2.750000,0.041666,9.416667,-2.583333,0.041666,9.583334,-4.750000,0.041666,9.583334,-4.750000,0.041666,0.250000,-2.750000,0.041666,0.250000,-2.750000,0.041666,9.416667,-4.750000,0.041666,9.583334,-4.750000,0.041666,20.333330,-4.333333,0.041666,20.333330,-4.666667,0.041666,20.583330,-1.750000,0.041666,18.250000,-1.916667,0.041666,9.583334,-1.750000,0.041666,9.416667,-1.500000,0.041666,18.500000,-4.333333,0.041666,20.333330,-4.750000,0.041666,20.333330,-4.750000,0.041666,19.250000,-4.083333,0.041666,20.333330,-4.333333,0.041666,20.333330,-4.750000,0.041666,19.250000,-4.750000,0.041666,18.250000,-4.750000,0.041666,9.583334,-2.583333,0.041666,9.583334,-1.750000,0.041666,18.250000,-1.750000,0.041666,18.250000,-2.583333,0.041666,9.583334,-1.916667,0.041666,9.583334,-3.333333,0.041666,20.833330,-4.083333,0.041666,20.333330,-4.750000,0.041666,19.250000,-1.750000,0.041666,19.250000,0.000000,0.041666,21.333330,-1.500000,0.041666,19.000000,-1.500000,0.041666,18.500000,-3.250000,0.041666,21.333330,-3.333333,0.041666,20.833330,-1.750000,0.041666,19.250000,0.000000,0.041666,21.333330,-3.250000,0.041666,21.333330,-1.750000,0.041666,19.250000,-1.500000,0.041666,19.000000,-1.750000,0.041666,9.416667,-1.750000,0.041666,4.750000,0.000000,0.041666,4.750000,0.000000,0.041666,21.333330,-1.500000,0.041666,18.500000,1.166667,0.041666,8.750000,1.666667,0.041666,9.333334,3.666667,0.041666,19.416670,2.250000,0.041666,4.000000,0.000000,0.041666,0.250000,4.666667,0.041666,0.250000,4.666667,0.041666,7.666667,1.916667,0.041666,7.666667,1.416667,0.041666,7.666667,2.083333,0.041666,4.750000,1.916667,0.041666,7.666667,2.083333,0.041666,4.750000,2.250000,0.041666,4.583333,4.666667,0.041666,7.666667,4.666667,0.041666,7.666667,2.250000,0.041666,4.583333,2.250000,0.041666,4.000000,2.083333,0.041666,3.833333,0.000000,0.041666,3.833333,0.000000,0.041666,0.250000,2.250000,0.041666,4.000000,2.083333,0.041666,3.833333,0.000000,0.041666,0.250000,4.666667,0.041666,9.333334,2.083333,0.041666,9.333334,2.750000,0.041666,8.916667,4.666667,0.041666,9.333334,2.750000,0.041666,8.916667,2.916667,0.041666,8.333334,4.666667,0.041666,7.666667,2.916667,0.041666,8.333334,2.583333,0.041666,7.750000,4.666667,0.041666,7.666667,2.583333,0.041666,7.750000,1.916667,0.041666,7.666667,4.666667,0.041666,7.666667,3.833333,0.041666,21.166670,4.166667,0.041666,21.166670,4.666667,0.041666,21.333330,4.666667,0.041666,21.166670,4.166667,0.041666,21.166670,4.666667,0.041666,20.833330,4.166667,0.041666,21.166670,4.666667,0.041666,21.166670,4.666667,0.041666,21.333330,4.666667,0.041666,9.333334,4.666667,0.041666,19.416670,4.000000,0.041666,19.416670,4.666667,0.041666,9.333334,4.000000,0.041666,19.416670,3.666667,0.041666,19.416670,2.083333,0.041666,9.333334,0.000000,0.041666,4.750000,2.083333,0.041666,4.750000,1.416667,0.041666,7.666667,1.166667,0.041666,8.166667,1.666667,0.041666,9.333334,2.083333,0.041666,9.333334,3.666667,0.041666,19.416670,4.000000,0.041666,19.416670,4.666667,0.041666,19.416670,4.666667,0.041666,19.583330,0.000000,0.041666,4.750000,1.166667,0.041666,8.166667,1.166667,0.041666,8.750000,3.833333,0.041666,21.166670,4.666667,0.041666,21.333330,0.000000,0.041666,21.333330,3.166667,0.041666,20.500000,3.833333,0.041666,21.166670,0.000000,0.041666,21.333330,3.250000,0.041666,19.833330,3.166667,0.041666,20.500000,0.000000,0.041666,21.333330,3.666667,0.041666,19.416670,3.250000,0.041666,19.833330,0.000000,0.041666,21.333330,0.000000,0.041666,4.750000,1.166667,0.041666,8.750000,4.666667,0.041666,21.333330,4.666667,0.041666,22.500000,4.250000,0.041666,22.500000,4.666667,0.041666,21.333330,4.250000,0.041666,22.500000,3.583333,0.041666,22.500000,0.000000,0.041666,27.000000,0.500000,0.041666,27.083330,0.416666,0.041666,27.500000,0.000000,0.041666,27.666670,4.500000,0.041666,22.833330,4.250000,0.041666,22.500000,4.666667,0.041666,22.500000,4.666667,0.041666,24.333330,3.750000,0.041666,24.333330,3.916667,0.041666,24.000000,4.416667,0.041666,23.666670,4.416667,0.041666,23.666670,4.500000,0.041666,22.833330,4.666667,0.041666,22.500000,4.666667,0.041666,24.333330,4.666667,0.041666,21.333330,3.583333,0.041666,22.500000,3.083333,0.041666,22.666670,0.000000,0.041666,21.333330,3.583333,0.041666,22.500000,3.500000,0.041666,22.666670,3.083333,0.041666,22.666670,3.750000,0.041666,24.333330,4.666667,0.041666,25.833330,2.583333,0.041666,26.083330,3.083333,0.041666,24.333330,3.750000,0.041666,24.333330,4.666667,0.041666,24.333330,4.666667,0.041666,25.833330,2.833333,0.041666,24.000000,3.083333,0.041666,24.333330,2.583333,0.041666,26.083330,2.583333,0.041666,26.083330,1.750000,0.041666,26.666670,0.000000,0.041666,26.083330,0.000000,0.041666,21.333330,2.833333,0.041666,23.000000,2.833333,0.041666,24.000000,0.000000,0.041666,21.333330,3.083333,0.041666,22.666670,2.833333,0.041666,23.000000,-0.416667,0.041666,27.083330,-0.166667,0.041666,26.916670,0.000000,0.041666,27.000000,0.000000,0.041666,27.666670,-0.500000,0.041666,27.666670,-0.500000,0.041666,27.416670,-3.250000,0.041666,21.583330,-3.250000,0.041666,21.333330,0.000000,0.041666,21.333330,-4.333333,0.041666,22.166670,-4.750000,0.041666,22.166670,-4.666667,0.041666,21.833330,-4.750000,0.041666,22.916670,-4.750000,0.041666,22.166670,-4.333333,0.041666,22.166670,-3.916667,0.041666,22.916670,-4.750000,0.041666,25.666670,-4.166667,0.041666,25.666670,-4.666667,0.041666,26.000000,-3.916667,0.041666,22.916670,-4.333333,0.041666,22.166670,-4.000000,0.041666,22.166670,-3.416667,0.041666,22.916670,-4.000000,0.041666,22.166670,-3.666667,0.041666,21.750000,-3.250000,0.041666,21.583330,-3.083333,0.041666,23.000000,-3.416667,0.041666,22.916670,-0.666667,0.041666,26.333330,-1.250000,0.041666,27.000000,-3.833333,0.041666,25.666670,-2.750000,0.041666,23.416670,-3.083333,0.041666,23.000000,-3.250000,0.041666,21.583330,0.000000,0.041666,21.333330,-3.833333,0.041666,25.666670,-4.166667,0.041666,25.666670,-3.750000,0.041666,24.166670,-3.083333,0.041666,24.166670,-4.750000,0.041666,22.916670,-3.916667,0.041666,22.916670,-4.083333,0.041666,23.083330,-4.166667,0.041666,23.750000,-3.750000,0.041666,24.166670,-4.750000,0.041666,24.166670,-4.750000,0.041666,22.916670,-4.083333,0.041666,23.083330,-4.166667,0.041666,23.750000,-4.750000,0.041666,24.166670,-4.166667,0.041666,25.666670,-4.750000,0.041666,25.666670,-4.750000,0.041666,24.166670,-3.750000,0.041666,24.166670,-3.833333,0.041666,25.666670,-3.083333,0.041666,24.166670,-2.750000,0.041666,23.833330,-0.666667,0.041666,26.333330,0.000000,0.041666,26.083330,-0.666667,0.041666,26.333330,-2.750000,0.041666,23.833330,-2.750000,0.041666,23.416670,0.000000,0.041666,21.333330],"morphTargets":[],"morphColors":[],"normals":[],"colors":[],"uvs":[[]],