{"metadata":{"formatVersion":3.1,"sourceFile":"ResScene.obj","generatedBy":"OBJConverter","vertices":227,"faces":105,"normals":0,"colors":0,"uvs":0,"materials":0},"scale":1.000000,"materials":[{"DbgColor":15658734,"DbgIndex":0,"DbgName":"default"}],"vertices":[-3.916667,0.041666,6.666667,-3.916667,0.041666,4.833333,-0.833333,0.041666,4.833333,0.000000,0.041666,6.750000,-0.833333,0.041666,3.833333,-4.750000,0.041666,3.833333,-4.750000,0.041666,0.250000,0.000000,0.041666,0.250000,0.000000,0.041666,6.750000,-0.833333,0.041666,4.833333,-0.666667,0.041666,4.666667,0.000000,0.041666,6.750000,-0.666667,0.041666,4.666667,-0.666667,0.041666,4.000000,0.000000,0.041666,0.250000,0.000000,0.041666,0.250000,-0.666667,0.041666,4.000000,-0.833333,0.041666,3.833333,0.000000,0.041666,10.750000,-3.916667,0.041666,10.750000,-3.916667,0.041666,7.666667,0.000000,0.041666,7.583333,-3.833333,0.041666,12.083330,-4.750000,0.041666,12.083330,-4.750000,0.041666,11.750000,-3.250000,0.041666,12.083330,-3.833333,0.041666,12.083330,-4.750000,0.041666,11.750000,-3.166667,0.041666,21.333330,-3.500000,0.041666,21.333330,-3.333333,0.041666,21.166670,0.000000,0.041666,21.333330,-0.083333,0.041666,21.333330,0.000000,0.041666,21.166670,-3.250000,0.041666,12.083330,-4.750000,0.041666,11.750000,0.000000,0.041666,11.750000,-4.666667,0.041666,19.916670,-4.500000,0.041666,19.916670,-4.583333,0.041666,20.083330,-4.750000,0.041666,12.083330,-3.833333,0.041666,12.083330,-4.250000,0.041666,12.500000,-4.750000,0.041666,12.416670,-4.750000,0.041666,13.833330,-4.750000,0.041666,13.666670,-3.833333,0.041666,13.666670,-3.583333,0.041666,13.833330,-4.083333,0.041666,17.916670,-4.750000,0.041666,17.916670,-4.750000,0.041666,17.750000,-3.583333,0.041666,17.916670,-4.083333,0.041666,17.916670,-4.750000,0.041666,17.750000,-2.833333,0.041666,17.750000,-2.666667,0.041666,13.250000,-2.666667,0.041666,12.833330,0.000000,0.041666,11.750000,-4.750000,0.041666,16.333330,-4.750000,0.041666,13.833330,-3.583333,0.041666,13.833330,-2.833333,0.041666,16.333330,-3.083333,0.041666,18.166670,-3.416667,0.041666,18.166670,-3.583333,0.041666,17.916670,-2.833333,0.041666,17.750000,-2.833333,0.041666,16.333330,-3.583333,0.041666,13.833330,-3.250000,0.041666,13.833330,-2.666667,0.041666,12.833330,-3.083333,0.041666,12.500000,-3.250000,0.041666,12.083330,0.000000,0.041666,11.750000,-0.583333,0.041666,20.166670,-1.000000,0.041666,20.333330,-1.416667,0.041666,20.250000,-3.083333,0.041666,18.166670,-2.833333,0.041666,17.750000,-2.666667,0.041666,17.583330,-2.750000,0.041666,18.500000,-2.666667,0.041666,16.500000,-2.833333,0.041666,16.333330,-3.250000,0.041666,13.833330,-0.583333,0.041666,20.166670,-0.916667,0.041666,20.500000,-1.000000,0.041666,20.333330,-3.916667,0.041666,19.916670,-4.083333,0.041666,19.500000,-3.916667,0.041666,19.500000,-4.750000,0.041666,17.916670,-4.083333,0.041666,17.916670,-4.666667,0.041666,18.583330,-4.416667,0.041666,19.500000,-4.750000,0.041666,19.500000,-4.666667,0.041666,19.166670,-4.500000,0.041666,19.916670,-4.666667,0.041666,19.916670,-4.750000,0.041666,19.500000,-4.416667,0.041666,19.500000,-3.916667,0.041666,19.916670,-3.916667,0.041666,19.500000,-3.416667,0.041666,19.500000,-4.500000,0.041666,19.916670,-4.416667,0.041666,19.500000,-4.083333,0.041666,19.500000,-3.916667,0.041666,19.916670,-2.750000,0.041666,19.000000,-2.750000,0.041666,18.500000,-2.666667,0.041666,17.583330,0.000000,0.041666,20.166670,-0.583333,0.041666,20.166670,-3.916667,0.041666,19.916670,-3.416667,0.041666,19.500000,-2.750000,0.041666,19.000000,-0.583333,0.041666,20.166670,-1.416667,0.041666,20.250000,-2.666667,0.041666,16.500000,-3.250000,0.041666,13.833330,-2.666667,0.041666,13.250000,0.000000,0.041666,11.750000,0.000000,0.041666,20.166670,0.000000,0.041666,20.166670,-2.666667,0.041666,17.583330,-2.666667,0.041666,16.500000,3.250000,0.041666,21.000000,3.500000,0.041666,21.250000,3.416667,0.041666,21.333330,2.833333,0.041666,21.333330,2.916667,0.041666,21.083330,1.083333,0.041666,9.166667,0.500000,0.041666,9.166667,0.000000,0.041666,7.583333,1.083333,0.041666,9.166667,0.000000,0.041666,7.583333,0.000000,0.041666,6.750000,0.916667,0.041666,4.833333,3.916667,0.041666,4.833333,3.916667,0.041666,9.166667,0.750000,0.041666,4.000000,0.750000,0.041666,4.666667,0.000000,0.041666,6.750000,0.000000,0.041666,0.250000,4.666667,0.041666,0.250000,4.666667,0.041666,3.833333,0.916667,0.041666,3.833333,0.000000,0.041666,0.250000,0.916667,0.041666,3.833333,0.750000,0.041666,4.000000,0.000000,0.041666,0.250000,0.750000,0.041666,4.666667,0.916667,0.041666,4.833333,0.000000,0.041666,6.750000,4.083333,0.041666,16.666670,4.666667,0.041666,16.666670,4.666667,0.041666,18.666670,3.666667,0.041666,18.666670,1.166667,0.041666,11.750000,1.333333,0.041666,11.583330,3.916667,0.041666,9.166667,3.916667,0.041666,16.500000,4.083333,0.041666,16.666670,3.666667,0.041666,18.666670,3.333333,0.041666,18.666670,3.916667,0.041666,16.500000,0.000000,0.041666,7.583333,0.500000,0.041666,9.166667,0.333333,0.041666,9.333334,1.250000,0.041666,9.333334,1.083333,0.041666,9.166667,3.916667,0.041666,9.166667,1.333333,0.041666,11.583330,1.250000,0.041666,9.333334,3.916667,0.041666,9.166667,0.000000,0.041666,21.333330,0.000000,0.041666,21.166670,0.166666,0.041666,20.916670,0.416666,0.041666,20.916670,0.666667,0.041666,21.000000,0.666667,0.041666,21.333330,0.333333,0.041666,9.333334,0.333333,0.041666,10.750000,0.000000,0.041666,10.750000,0.000000,0.041666,7.583333,4.333333,0.041666,19.916670,4.166667,0.041666,19.833330,4.333333,0.041666,19.750000,4.666667,0.041666,19.833330,4.666667,0.041666,19.833330,4.333333,0.041666,19.750000,4.333333,0.041666,19.166670,4.666667,0.041666,18.666670,4.333333,0.041666,19.166670,3.666667,0.041666,18.666670,4.666667,0.041666,18.666670,3.000000,0.041666,19.583330,3.333333,0.041666,20.000000,2.583333,0.041666,20.000000,3.000000,0.041666,18.916670,3.000000,0.041666,19.583330,2.583333,0.041666,20.000000,1.583333,0.041666,20.666670,0.833333,0.041666,20.166670,3.916667,0.041666,16.500000,3.333333,0.041666,18.666670,3.000000,0.041666,18.916670,3.000000,0.041666,18.916670,0.833333,0.041666,20.166670,0.000000,0.041666,20.166670,0.000000,0.041666,11.750000,1.166667,0.041666,11.750000,3.916667,0.041666,16.500000,2.833333,0.041666,21.333330,3.416667,0.041666,21.333330,3.416667,0.041666,21.500000,2.833333,0.041666,21.500000,0.000000,0.041666,21.333330,0.666667,0.041666,21.333330,0.583333,0.041666,21.666670,0.000000,0.041666,21.666670,0.000000,0.041666,21.666670,-0.250000,0.041666,21.750000,-0.083333,0.041666,21.333330,0.000000,0.041666,21.333330,-3.166667,0.041666,21.333330,-2.583333,0.041666,21.750000,-3.583333,0.041666,21.750000,-3.500000,0.041666,21.333330],"morphTargets":[],"morphColors":[],"normals":[],"colors":[],"uvs":[[]],