{"metadata":{"formatVersion":3.1,"sourceFile":"ResScene.obj","generatedBy":"OBJConverter","vertices":187,"faces":85,"normals":0,"colors":0,"uvs":0,"materials":0},"scale":1.000000,"materials":[{"DbgColor":15658734,"DbgIndex":0,"DbgName":"default"}],"vertices":[-4.750000,0.041666,15.750000,-4.750000,0.041666,14.750000,-4.333333,0.041666,14.583330,-3.916667,0.041666,15.750000,-1.666667,0.041666,5.000000,-0.500000,0.041666,10.250000,-4.750000,0.041666,10.250000,-4.750000,0.041666,0.250000,-3.583333,0.041666,15.750000,-3.916667,0.041666,15.750000,-4.333333,0.041666,14.583330,0.000000,0.041666,0.250000,0.000000,0.041666,4.250000,-1.416667,0.041666,4.250000,-4.750000,0.041666,21.333330,-4.666667,0.041666,20.083330,-4.666667,0.041666,20.916670,0.000000,0.041666,0.250000,-1.416667,0.041666,4.250000,-1.666667,0.041666,4.500000,-4.750000,0.041666,0.250000,0.000000,0.041666,5.250000,-0.333333,0.041666,10.416670,-0.500000,0.041666,10.250000,-1.416667,0.041666,5.250000,-4.750000,0.041666,0.250000,-1.666667,0.041666,4.500000,-1.666667,0.041666,5.000000,-4.416667,0.041666,21.083330,-4.583333,0.041666,21.333330,-4.750000,0.041666,21.333330,-4.666667,0.041666,20.916670,-1.666667,0.041666,5.000000,-1.416667,0.041666,5.250000,-0.500000,0.041666,10.250000,-3.916667,0.041666,19.333330,-4.000000,0.041666,19.500000,-4.416667,0.041666,19.500000,-4.750000,0.041666,19.333330,-3.166667,0.041666,15.833330,-3.583333,0.041666,15.750000,-4.333333,0.041666,14.583330,-4.333333,0.041666,11.166670,-0.500000,0.041666,11.166670,-4.416667,0.041666,19.500000,-4.583333,0.041666,19.750000,-4.750000,0.041666,19.750000,-4.750000,0.041666,19.333330,-3.666667,0.041666,21.083330,-3.500000,0.041666,20.750000,-3.166667,0.041666,20.583330,-2.666667,0.041666,21.166670,-3.916667,0.041666,19.333330,-4.000000,0.041666,17.500000,-3.500000,0.041666,17.500000,-3.333333,0.041666,19.333330,-4.416667,0.041666,17.166670,-4.000000,0.041666,17.500000,-4.750000,0.041666,17.500000,-4.750000,0.041666,15.750000,-3.916667,0.041666,15.750000,-4.333333,0.041666,16.000000,-4.750000,0.041666,15.750000,-4.333333,0.041666,16.000000,-4.500000,0.041666,16.583330,-4.750000,0.041666,17.500000,-4.750000,0.041666,15.750000,-4.500000,0.041666,16.583330,-4.416667,0.041666,17.166670,-4.750000,0.041666,19.333330,-4.750000,0.041666,17.500000,-4.000000,0.041666,17.500000,-3.916667,0.041666,19.333330,-2.416667,0.041666,21.333330,-2.666667,0.041666,21.166670,-3.166667,0.041666,20.583330,-3.083333,0.041666,20.166670,-2.416667,0.041666,21.333330,-3.083333,0.041666,20.166670,-3.083333,0.041666,19.583330,-0.166667,0.041666,21.333330,-3.083333,0.041666,19.583330,-3.333333,0.041666,19.333330,-3.500000,0.041666,17.500000,-2.750000,0.041666,16.916670,0.000000,0.041666,21.333330,-0.166667,0.041666,21.333330,-3.166667,0.041666,15.833330,-0.500000,0.041666,11.166670,-0.333333,0.041666,11.000000,-2.750000,0.041666,16.416670,-0.333333,0.041666,11.000000,-0.333333,0.041666,10.416670,0.000000,0.041666,5.250000,0.000000,0.041666,21.333330,0.000000,0.041666,21.333330,-2.750000,0.041666,16.916670,-2.750000,0.041666,16.416670,-0.333333,0.041666,11.000000,0.000000,0.041666,4.250000,0.000000,0.041666,0.250000,4.666667,0.041666,0.250000,4.666667,0.041666,4.250000,4.666667,0.041666,5.250000,4.666667,0.041666,13.250000,4.416667,0.041666,13.250000,4.666667,0.041666,5.250000,4.416667,0.041666,13.250000,4.000000,0.041666,13.250000,2.750000,0.041666,20.000000,2.750000,0.041666,20.666670,0.333333,0.041666,21.333330,4.416667,0.041666,13.250000,4.666667,0.041666,13.250000,4.666667,0.041666,13.500000,4.666667,0.041666,20.833330,4.500000,0.041666,20.666670,4.083333,0.041666,20.166670,4.666667,0.041666,19.750000,3.166667,0.041666,14.500000,3.416667,0.041666,14.833330,3.000000,0.041666,19.750000,2.750000,0.041666,20.666670,3.333333,0.041666,21.083330,2.750000,0.041666,21.333330,0.333333,0.041666,21.333330,4.083333,0.041666,20.166670,3.416667,0.041666,19.750000,4.666667,0.041666,19.750000,4.666667,0.041666,15.000000,4.416667,0.041666,15.000000,4.666667,0.041666,14.833330,4.416667,0.041666,15.000000,4.666667,0.041666,15.000000,4.666667,0.041666,19.750000,4.083333,0.041666,15.000000,4.416667,0.041666,15.000000,4.666667,0.041666,19.750000,3.416667,0.041666,19.750000,4.500000,0.041666,20.666670,4.083333,0.041666,20.666670,4.083333,0.041666,20.166670,4.083333,0.041666,15.000000,3.416667,0.041666,19.750000,3.000000,0.041666,19.750000,3.416667,0.041666,14.833330,4.000000,0.041666,14.833330,4.083333,0.041666,15.000000,3.000000,0.041666,19.750000,4.666667,0.041666,5.250000,4.000000,0.041666,13.250000,3.166667,0.041666,13.833330,2.750000,0.041666,20.000000,0.333333,0.041666,21.333330,0.000000,0.041666,21.333330,3.166667,0.041666,13.833330,3.166667,0.041666,14.500000,3.000000,0.041666,19.750000,0.000000,0.041666,5.250000,4.666667,0.041666,5.250000,3.166667,0.041666,13.833330,0.000000,0.041666,21.333330,2.750000,0.041666,21.333330,1.666667,0.041666,22.000000,1.250000,0.041666,21.666670,0.333333,0.041666,21.333330,2.750000,0.041666,21.333330,1.250000,0.041666,21.666670,0.750000,0.041666,23.000000,0.500000,0.041666,23.166670,0.000000,0.041666,23.000000,0.000000,0.041666,22.583330,0.500000,0.041666,22.166670,0.833333,0.041666,22.416670,-0.916667,0.041666,21.750000,-1.083333,0.041666,22.083330,-1.500000,0.041666,22.000000,-0.166667,0.041666,21.333330,-0.916667,0.041666,21.750000,-1.500000,0.041666,22.000000,-2.416667,0.041666,21.333330,-4.750000,0.041666,21.333330,-4.583333,0.041666,21.333330,-4.666667,0.041666,21.500000,0.000000,0.041666,23.000000,-0.166667,0.041666,22.750000,0.000000,0.041666,22.583330],"morphTargets":[],"morphColors":[],"normals":[],"colors":[],"uvs":[[]],"faces":[2,0,2,1,0,2,0,3,2,0,2,4,6,5,0,2,4,7,6,0,2,8,10,9,0,2,11,13,12,0,2,14,16,15,0,2,17,19,18,0,2,17,20,19,0,2,21,23,22,0,2,21,24,23,0,2,25,27,26,0,2,28,30,29,0,2,28,31,30,0,2,32,34,33,0,2,35,37,36,0,2,35,38,37,0,2,39,41,40,0,2,39,42,41,0,2,39,43,42,0,2,44,46,45,0,2,44,47,46,0,2,48,50,49,0,2,48,51,50,0,2,52,54,53,0,2,52,55,54,0,2,56,58,57,0,2,59,61,60,0,2,62,64,63,0,2,65,67,66,0,2,65,68,67,0,2,69,71,70,0,2,69,72,71,0,2,73,75,74,0,2,73,76,75,0,2,77,79,78,0,2,77,80,79,0,2,81,83,82,0,2,81,84,83,0,2,81,85,84,0,2,81,86,85,0,2,87,89,88,0,2,87,90,89,0,2,91,93,92,0,2,91,94,93,0,2,95,97,96,0,2,95,98,97,0,2,99,101,100,0,2,99,102,101,0,2,103,105,104,0,2,106,108,107,0,2,109,111,110,0,2,112,114,113,0,2,115,117,116,0,2,115,118,117,0,2,119,121,120,0,2,122,124,123,0,2,122,125,124,0,2,126,128,127,0,2,129,131,130,0,2,132,134,133,0,2,135,137,136,0,2,135,138,137,0,2,139,141,140,0,2,142,144,143,0,2,145,147,146,0,2,145,148,147,0,2,149,151,150,0,2,152,154,153,0,2,152,155,154,0,2,152,156,155,0,2,152,157,156,0,2,158,160,159,0,2,158,161,160,0,2,162,164,163,0,2,165,167,166,0,2,168,170,169,0,2,168,171,170,0,2,168,172,171,0,2,168,173,172,0,2,174,176,175,0,2,177,179,178,0,2,177,180,179,0,2,181,183,182,0,2,184,186,185,0]}