{"metadata":{"formatVersion":3.1,"sourceFile":"ResScene.obj","generatedBy":"OBJConverter","vertices":139,"faces":65,"normals":0,"colors":0,"uvs":0,"materials":0},"scale":1.000000,"materials":[{"DbgColor":15658734,"DbgIndex":0,"DbgName":"default"}],"vertices":[-4.583333,0.041666,19.000000,-4.750000,0.041666,19.000000,-4.750000,0.041666,18.666670,-4.083333,0.041666,19.000000,-4.583333,0.041666,19.000000,-4.750000,0.041666,18.666670,-3.750000,0.041666,21.333330,-4.666667,0.041666,21.333330,-4.750000,0.041666,20.916670,-3.000000,0.041666,20.916670,-0.916667,0.041666,17.750000,-4.750000,0.041666,17.750000,-4.750000,0.041666,0.250000,0.000000,0.041666,0.250000,-2.416667,0.041666,20.916670,-4.000000,0.041666,20.750000,-3.250000,0.041666,20.083330,-2.416667,0.041666,20.916670,-3.000000,0.041666,20.916670,-4.000000,0.041666,20.750000,0.000000,0.041666,0.250000,-0.750000,0.041666,17.916670,-0.916667,0.041666,17.750000,-3.250000,0.041666,19.750000,-3.750000,0.041666,19.083330,-0.916667,0.041666,18.666670,-3.750000,0.041666,19.083330,-4.083333,0.041666,19.000000,-4.750000,0.041666,18.666670,-0.916667,0.041666,18.666670,-4.750000,0.041666,20.916670,-4.500000,0.041666,20.750000,-4.000000,0.041666,20.750000,-3.000000,0.041666,20.916670,-4.750000,0.041666,20.916670,-4.750000,0.041666,20.750000,-4.500000,0.041666,20.750000,-4.750000,0.041666,19.000000,-4.583333,0.041666,19.000000,-4.666667,0.041666,19.166670,-4.750000,0.041666,20.750000,-4.750000,0.041666,20.583330,-4.583333,0.041666,20.583330,-4.500000,0.041666,20.750000,-2.416667,0.041666,20.916670,-3.250000,0.041666,20.083330,-3.250000,0.041666,19.750000,-0.916667,0.041666,18.666670,0.000000,0.041666,21.333330,-2.166667,0.041666,21.333330,-2.416667,0.041666,20.916670,-0.916667,0.041666,18.666670,-0.750000,0.041666,18.500000,0.000000,0.041666,21.333330,-0.750000,0.041666,18.500000,-0.750000,0.041666,17.916670,0.000000,0.041666,0.250000,4.666667,0.041666,21.333330,0.000000,0.041666,21.333330,0.000000,0.041666,0.250000,4.666667,0.041666,0.250000,4.666667,0.041666,21.333330,4.666667,0.041666,22.250000,2.750000,0.041666,22.250000,0.000000,0.041666,24.250000,0.500000,0.041666,24.416670,0.416666,0.041666,24.750000,0.000000,0.041666,25.083330,2.250000,0.041666,22.250000,0.000000,0.041666,21.333330,4.666667,0.041666,21.333330,2.750000,0.041666,22.250000,3.500000,0.041666,23.333330,3.333333,0.041666,23.333330,3.416667,0.041666,22.750000,4.666667,0.041666,23.166670,2.750000,0.041666,22.250000,4.666667,0.041666,22.250000,3.250000,0.041666,22.500000,4.666667,0.041666,22.250000,4.666667,0.041666,23.166670,3.416667,0.041666,22.750000,3.250000,0.041666,22.500000,2.000000,0.041666,23.083330,2.416667,0.041666,23.416670,2.250000,0.041666,23.750000,1.500000,0.041666,24.000000,2.000000,0.041666,23.083330,1.500000,0.041666,24.000000,1.083333,0.041666,23.666670,2.000000,0.041666,22.750000,2.250000,0.041666,22.250000,2.000000,0.041666,22.750000,1.083333,0.041666,23.666670,0.000000,0.041666,23.416670,0.000000,0.041666,21.333330,-0.250000,0.041666,25.166670,-0.500000,0.041666,25.000000,-0.500000,0.041666,24.750000,-0.333333,0.041666,24.333330,0.000000,0.041666,24.250000,0.000000,0.041666,25.083330,-4.750000,0.041666,23.000000,-4.166667,0.041666,23.000000,-4.666667,0.041666,23.333330,-3.833333,0.041666,22.333330,-3.583333,0.041666,22.750000,-4.750000,0.041666,22.750000,-4.666667,0.041666,21.333330,-3.750000,0.041666,21.333330,-3.833333,0.041666,22.333330,-4.750000,0.041666,22.750000,-4.166667,0.041666,23.000000,-4.750000,0.041666,23.000000,-4.750000,0.041666,22.750000,-3.583333,0.041666,22.750000,-2.250000,0.041666,22.083330,-2.166667,0.041666,21.333330,0.000000,0.041666,21.333330,-3.750000,0.041666,23.000000,-4.166667,0.041666,23.000000,-3.583333,0.041666,22.750000,-2.916667,0.041666,22.750000,-1.000000,0.041666,23.916670,-1.083333,0.041666,24.250000,-1.333333,0.041666,24.250000,-3.750000,0.041666,23.000000,-2.916667,0.041666,22.750000,-2.750000,0.041666,22.416670,-2.250000,0.041666,22.083330,0.000000,0.041666,21.333330,-0.333333,0.041666,23.416670,-1.000000,0.041666,23.916670,0.000000,0.041666,21.333330,0.000000,0.041666,23.416670,-0.333333,0.041666,23.416670,-1.000000,0.041666,23.916670,-3.750000,0.041666,23.000000,-2.916667,0.041666,22.750000],"morphTargets":[],"morphColors":[],"normals":[],"colors":[],"uvs":[[]],"faces":[2,0,2,1,0,2,3,5,4,0,2,6,8,7,0,2,6,9,8,0,2,10,12,11,0,2,10,13,12,0,2,14,16,15,0,2,17,19,18,0,2,20,22,21,0,2,23,25,24,0,2,26,28,27,0,2,26,29,28,0,2,30,32,31,0,2,30,33,32,0,2,34,36,35,0,2,37,39,38,0,2,40,42,41,0,2,40,43,42,0,2,44,46,45,0,2,44,47,46,0,2,48,50,49,0,2,48,51,50,0,2,48,52,51,0,2,53,55,54,0,2,53,56,55,0,2,57,59,58,0,2,57,60,59,0,2,61,63,62,0,2,64,66,65,0,2,64,67,66,0,2,68,70,69,0,2,68,71,70,0,2,72,74,73,0,2,72,75,74,0,2,76,78,77,0,2,79,81,80,0,2,79,82,81,0,2,83,85,84,0,2,83,86,85,0,2,87,89,88,0,2,87,90,89,0,2,91,93,92,0,2,91,94,93,0,2,91,95,94,0,2,96,98,97,0,2,96,99,98,0,2,96,100,99,0,2,96,101,100,0,2,102,104,103,0,2,105,107,106,0,2,108,110,109,0,2,108,111,110,0,2,112,114,113,0,2,112,115,114,0,2,116,118,117,0,2,119,121,120,0,2,119,122,121,0,2,123,125,124,0,2,123,126,125,0,2,127,129,128,0,2,127,130,129,0,2,127,131,130,0,2,127,132,131,0,2,133,135,134,0,2,136,138,137,0]}