{"metadata":{"formatVersion":3.1,"sourceFile":"ResScene.obj","generatedBy":"OBJConverter","vertices":288,"faces":124,"normals":0,"colors":0,"uvs":0,"materials":0},"scale":1.000000,"materials":[{"DbgColor":15658734,"DbgIndex":0,"DbgName":"default"}],"vertices":[4.666667,0.041665,21.333330,4.666667,0.041665,28.916670,4.416667,0.041665,28.916670,4.666667,0.041665,21.333330,4.416667,0.041665,28.916670,4.000000,0.041665,28.916670,0.500000,0.041665,41.250000,1.416667,0.041665,41.250000,1.583334,0.041665,41.750000,0.000000,0.041665,41.750000,4.416667,0.041665,28.916670,4.666667,0.041665,28.916670,4.666667,0.041665,29.166670,0.000000,0.041665,41.750000,0.166667,0.041665,41.250000,0.500000,0.041665,41.250000,3.416667,0.041665,29.333330,3.416667,0.041665,29.750000,3.000000,0.041665,29.750000,0.000000,0.041665,41.750000,0.000000,0.041665,41.250000,0.166667,0.041665,41.250000,0.166667,0.041665,41.250000,0.000000,0.041665,41.250000,0.000000,0.041665,41.166670,1.416667,0.041665,41.250000,0.500000,0.041665,41.250000,1.333334,0.041665,40.666670,4.166667,0.041665,31.000000,4.166667,0.041665,30.666670,4.666667,0.041665,30.583330,4.666667,0.041665,31.500000,3.500000,0.041665,31.500000,3.750000,0.041665,31.166670,4.166667,0.041665,31.000000,4.666667,0.041665,31.500000,3.500000,0.041665,31.500000,4.666667,0.041665,31.500000,4.666667,0.041665,35.416670,3.000000,0.041665,31.500000,3.500000,0.041665,31.500000,4.666667,0.041665,35.416670,0.000000,0.041665,39.500000,0.500000,0.041665,39.583340,0.416667,0.041665,40.000000,0.000000,0.041665,40.250000,4.666667,0.041665,21.333330,3.416667,0.041665,29.333330,3.000000,0.041665,29.750000,2.000000,0.041665,37.416670,1.583334,0.041665,37.416670,0.000000,0.041665,36.333340,2.000000,0.041665,37.416670,0.000000,0.041665,36.333340,4.666667,0.041665,36.333340,4.666667,0.041665,37.416670,2.416667,0.041665,38.666670,2.333334,0.041665,38.666670,2.666667,0.041665,38.416670,4.666667,0.041665,38.333340,2.666667,0.041665,37.833340,4.666667,0.041665,37.416670,4.666667,0.041665,38.333340,2.666667,0.041665,38.416670,2.666667,0.041665,37.833340,2.000000,0.041665,37.416670,4.666667,0.041665,37.416670,1.333334,0.041665,38.333340,1.666667,0.041665,38.666670,0.500000,0.041665,38.666670,4.666667,0.041665,21.333330,4.000000,0.041665,28.916670,3.416667,0.041665,29.333330,2.583334,0.041665,30.166670,2.500000,0.041665,31.083330,0.000000,0.041665,35.416670,0.000000,0.041665,21.333330,1.750000,0.041665,39.166670,0.500000,0.041665,38.666670,1.666667,0.041665,38.666670,2.333334,0.041665,38.666670,2.416667,0.041665,38.666670,1.750000,0.041665,39.166670,1.666667,0.041665,38.666670,2.333334,0.041665,38.666670,1.750000,0.041665,39.166670,2.500000,0.041665,31.083330,3.000000,0.041665,31.500000,4.666667,0.041665,35.416670,0.000000,0.041665,35.416670,0.000000,0.041665,21.333330,4.666667,0.041665,21.333330,3.000000,0.041665,29.750000,2.583334,0.041665,30.166670,1.333334,0.041665,37.666670,1.333334,0.041665,38.333340,0.500000,0.041665,38.666670,0.000000,0.041665,38.583340,0.000000,0.041665,36.333340,1.583334,0.041665,37.416670,1.333334,0.041665,37.666670,0.000000,0.041665,38.583340,-1.500000,0.041665,21.500000,-1.666667,0.041665,21.333330,0.000000,0.041665,21.333330,-1.500000,0.041665,22.000000,-1.500000,0.041665,21.500000,0.000000,0.041665,21.333330,-0.750000,0.041665,41.000000,0.000000,0.041665,41.166670,0.000000,0.041665,41.750000,-2.333333,0.041665,41.666670,-1.750000,0.041665,41.333340,-4.250000,0.041665,29.666670,-4.750000,0.041665,29.666670,-4.750000,0.041665,22.250000,-3.666667,0.041665,29.666670,-4.250000,0.041665,29.666670,-4.750000,0.041665,22.250000,-1.750000,0.041665,41.333340,-1.166667,0.041665,40.583340,-0.750000,0.041665,41.000000,0.000000,0.041665,40.250000,-0.166667,0.041665,40.416670,-0.500000,0.041665,40.166670,-0.500000,0.041665,39.916670,-0.416667,0.041665,39.583340,0.000000,0.041665,39.500000,-3.666667,0.041665,29.666670,-4.750000,0.041665,22.250000,-1.750000,0.041665,22.250000,-0.416667,0.041665,39.583340,-0.166667,0.041665,39.416670,0.000000,0.041665,39.500000,-4.750000,0.041665,29.666670,-4.250000,0.041665,29.666670,-4.666667,0.041665,30.083330,-4.750000,0.041665,31.416670,-4.666667,0.041665,31.083330,-4.583333,0.041665,31.250000,-4.000000,0.041665,31.416670,-4.750000,0.041665,31.416670,-4.583333,0.041665,31.250000,-4.666667,0.041665,35.416670,-4.750000,0.041665,31.416670,-4.000000,0.041665,31.416670,-4.666667,0.041665,35.416670,-4.000000,0.041665,31.416670,-3.750000,0.041665,31.416670,-3.083333,0.041665,30.416670,-3.500000,0.041665,30.083330,-3.666667,0.041665,29.666670,-3.083333,0.041665,30.416670,-3.666667,0.041665,29.666670,-1.750000,0.041665,22.250000,0.000000,0.041665,36.333340,-1.333333,0.041665,37.000000,-1.833333,0.041665,37.000000,-1.833333,0.041665,37.000000,-4.750000,0.041665,37.000000,-4.750000,0.041665,36.333340,0.000000,0.041665,36.333340,-1.750000,0.041665,38.833340,-1.500000,0.041665,38.416670,-1.166667,0.041665,38.250000,-0.666667,0.041665,38.833340,-1.166667,0.041665,39.500000,-1.166667,0.041665,39.500000,-2.250000,0.041665,39.000000,-1.750000,0.041665,38.833340,-4.666667,0.041665,35.416670,-3.750000,0.041665,31.416670,-3.083333,0.041665,30.833330,0.000000,0.041665,35.416670,-1.750000,0.041665,22.250000,-1.500000,0.041665,22.000000,0.000000,0.041665,21.333330,0.000000,0.041665,35.416670,-3.083333,0.041665,30.833330,-3.083333,0.041665,30.416670,-1.833333,0.041665,37.000000,-2.000000,0.041665,37.250000,-2.333333,0.041665,37.166670,-2.333333,0.041665,37.166670,-4.750000,0.041665,37.166670,-4.750000,0.041665,37.000000,-1.833333,0.041665,37.000000,-4.166667,0.041665,38.166670,-4.750000,0.041665,38.166670,-4.750000,0.041665,37.166670,-3.833333,0.041665,38.166670,-4.166667,0.041665,38.166670,-4.750000,0.041665,37.166670,-2.333333,0.041665,37.166670,-2.666667,0.041665,37.416670,-2.666667,0.041665,37.416670,-2.666667,0.041665,38.166670,-3.833333,0.041665,38.166670,-3.833333,0.041665,38.166670,-2.666667,0.041665,38.166670,-2.666667,0.041665,38.583340,-3.833333,0.041665,38.166670,-2.666667,0.041665,38.583340,-2.416667,0.041665,38.833340,-4.750000,0.041665,38.166670,-4.166667,0.041665,38.166670,-4.666667,0.041665,38.500000,0.000000,0.041665,38.583340,-0.666667,0.041665,38.833340,-1.166667,0.041665,38.250000,-1.000000,0.041665,37.416670,0.000000,0.041665,36.333340,-1.000000,0.041665,37.416670,-1.333333,0.041665,37.000000,0.000000,0.041665,36.333340,-1.166667,0.041665,4.750000,-4.750000,0.041665,4.750000,-4.750000,0.041665,0.250000,0.000000,0.041665,0.250000,-1.166667,0.041665,5.750000,-1.166667,0.041665,17.166670,-1.750000,0.041665,17.166670,-1.000000,0.041665,4.916667,-1.166667,0.041665,4.750000,0.000000,0.041665,0.250000,-4.750000,0.041665,17.166670,-1.750000,0.041665,17.166670,-1.916667,0.041665,17.333330,-1.750000,0.041665,17.166670,-4.750000,0.041665,17.166670,-4.750000,0.041665,5.750000,-1.166667,0.041665,5.750000,-1.916667,0.041665,19.583330,-1.750000,0.041665,19.750000,-1.666667,0.041665,21.333330,-4.750000,0.041665,21.250000,-4.750000,0.041665,17.166670,-1.916667,0.041665,17.333330,-1.916667,0.041665,19.583330,-4.750000,0.041665,21.250000,0.000000,0.041665,19.750000,0.000000,0.041665,21.333330,-1.666667,0.041665,21.333330,-1.750000,0.041665,19.750000,0.000000,0.041665,18.750000,-1.000000,0.041665,18.750000,-1.000000,0.041665,17.333330,-1.000000,0.041665,5.583333,-1.000000,0.041665,4.916667,0.000000,0.041665,0.250000,-1.000000,0.041665,17.333330,-1.166667,0.041665,17.166670,-1.166667,0.041665,5.750000,-1.000000,0.041665,5.583333,0.000000,0.041665,18.750000,-1.000000,0.041665,17.333330,-1.000000,0.041665,5.583333,0.000000,0.041665,0.250000,0.000000,0.041665,21.333330,0.000000,0.041665,19.750000,2.000000,0.041665,19.750000,4.666667,0.041665,21.333330,0.000000,0.041665,0.250000,1.166667,0.041665,4.916667,1.166667,0.041665,5.583333,0.000000,0.041665,18.750000,4.666667,0.041665,21.333330,2.000000,0.041665,19.750000,2.166667,0.041665,19.583330,4.666667,0.041665,21.333330,2.166667,0.041665,19.583330,2.166667,0.041665,18.916670,4.666667,