{"metadata":{"formatVersion":3.1,"sourceFile":"ResScene.obj","generatedBy":"OBJConverter","vertices":215,"faces":95,"normals":0,"colors":0,"uvs":0,"materials":0},"scale":1.000000,"materials":[{"DbgColor":15658734,"DbgIndex":0,"DbgName":"default"}],"vertices":[4.666667,0.041666,21.333330,4.666667,0.041666,23.083330,3.833333,0.041666,23.083330,4.666667,0.041666,21.333330,3.833333,0.041666,23.083330,3.333333,0.041666,23.083330,0.000000,0.041666,26.000000,0.500000,0.041666,26.083330,0.416666,0.041666,26.416670,0.000000,0.041666,26.750000,4.666667,0.041666,24.333330,4.083333,0.041666,24.333330,4.416667,0.041666,24.083330,4.416667,0.041666,23.500000,3.833333,0.041666,23.083330,4.666667,0.041666,23.083330,4.666667,0.041666,24.333330,4.416667,0.041666,24.083330,4.416667,0.041666,23.500000,4.666667,0.041666,23.083330,2.500000,0.041666,25.083330,2.250000,0.041666,25.416670,1.750000,0.041666,25.666670,4.083333,0.041666,24.333330,4.666667,0.041666,24.333330,4.666667,0.041666,24.833330,3.416667,0.041666,24.333330,4.083333,0.041666,24.333330,4.666667,0.041666,24.833330,2.500000,0.041666,25.083330,3.083333,0.041666,24.000000,3.416667,0.041666,24.333330,2.500000,0.041666,25.083330,3.083333,0.041666,23.333330,3.083333,0.041666,24.000000,2.500000,0.041666,25.083330,1.750000,0.041666,25.666670,0.000000,0.041666,25.083330,4.666667,0.041666,21.333330,3.333333,0.041666,23.083330,3.083333,0.041666,23.333330,0.000000,0.041666,25.083330,0.000000,0.041666,21.333330,-3.416667,0.041666,22.666670,-4.750000,0.041666,22.666670,-4.750000,0.041666,21.333330,-2.833333,0.041666,22.666670,-3.416667,0.041666,22.666670,-4.750000,0.041666,21.333330,-0.250000,0.041666,26.833330,-0.500000,0.041666,26.666670,-0.500000,0.041666,26.416670,-0.333333,0.041666,26.000000,0.000000,0.041666,26.000000,0.000000,0.041666,26.750000,-2.833333,0.041666,22.666670,-4.750000,0.041666,21.333330,0.000000,0.041666,21.333330,-4.750000,0.041666,24.666670,-4.166667,0.041666,24.666670,-4.666667,0.041666,25.000000,-1.000000,0.041666,25.583330,-1.083333,0.041666,25.916670,-1.333333,0.041666,25.916670,-3.750000,0.041666,24.666670,-3.416667,0.041666,22.666670,-3.500000,0.041666,22.833330,-3.916667,0.041666,22.833330,-4.750000,0.041666,22.666670,-4.250000,0.041666,24.166670,-4.000000,0.041666,24.500000,-4.750000,0.041666,24.500000,-4.750000,0.041666,24.500000,-4.750000,0.041666,22.666670,-4.250000,0.041666,23.166670,-4.250000,0.041666,24.166670,-4.750000,0.041666,22.666670,-3.916667,0.041666,22.833330,-4.250000,0.041666,23.166670,-4.166667,0.041666,24.666670,-4.750000,0.041666,24.666670,-4.750000,0.041666,24.500000,-4.000000,0.041666,24.500000,-3.750000,0.041666,24.666670,-4.166667,0.041666,24.666670,-4.000000,0.041666,24.500000,-3.333333,0.041666,24.500000,-3.333333,0.041666,24.500000,-3.166667,0.041666,24.166670,-2.666667,0.041666,23.833330,-0.333333,0.041666,25.083330,-1.000000,0.041666,25.583330,-1.000000,0.041666,25.583330,-3.750000,0.041666,24.666670,-3.333333,0.041666,24.500000,0.000000,0.041666,25.083330,-0.333333,0.041666,25.083330,-2.666667,0.041666,23.833330,-2.583333,0.041666,23.000000,0.000000,0.041666,21.333330,-2.583333,0.041666,23.000000,-2.833333,0.041666,22.666670,0.000000,0.041666,21.333330,-1.666667,0.041666,14.500000,0.000000,0.041666,14.500000,0.000000,0.041666,21.333330,0.000000,0.041666,0.250000,0.000000,0.041666,6.250000,-0.166667,0.041666,6.666667,-0.166667,0.041666,7.166667,-1.000000,0.041666,11.833330,-1.666667,0.041666,11.833330,-0.166667,0.041666,6.666667,-0.166667,0.041666,6.666667,-1.666667,0.041666,11.833330,-4.750000,0.041666,11.833330,-4.750000,0.041666,0.250000,0.000000,0.041666,0.250000,-4.750000,0.041666,11.833330,-1.833333,0.041666,14.333330,-1.666667,0.041666,14.500000,0.000000,0.041666,21.333330,-4.750000,0.041666,21.333330,-4.750000,0.041666,11.833330,-1.833333,0.041666,12.000000,-1.833333,0.041666,14.333330,-4.750000,0.041666,11.833330,-1.666667,0.041666,11.833330,-1.833333,0.041666,12.000000,0.000000,0.041666,13.500000,-0.833333,0.041666,13.500000,-0.833333,0.041666,12.000000,0.000000,0.041666,7.333333,-1.000000,0.041666,11.833330,-0.166667,0.041666,7.166667,0.000000,0.041666,7.333333,-0.833333,0.041666,12.000000,0.583333,0.041666,5.833333,0.000000,0.041666,5.833333,0.000000,0.041666,0.250000,0.833333,0.041666,5.833333,0.583333,0.041666,5.833333,0.000000,0.041666,0.250000,0.833333,0.041666,5.833333,0.000000,0.041666,0.250000,4.666667,0.041666,0.250000,4.666667,0.041666,5.833333,1.333333,0.041666,6.083333,1.166667,0.041666,6.083333,0.833333,0.041666,5.833333,1.833333,0.041666,6.083333,1.333333,0.041666,6.083333,0.833333,0.041666,5.833333,1.833333,0.041666,6.083333,0.833333,0.041666,5.833333,4.666667,0.041666,5.833333,4.666667,0.041666,6.083333,0.000000,0.041666,6.250000,0.000000,0.041666,5.833333,0.583333,0.041666,5.833333,4.666667,0.041666,7.333333,2.166667,0.041666,7.333333,2.500000,0.041666,7.083333,2.500000,0.041666,6.500000,1.833333,0.041666,6.083333,4.666667,0.041666,6.083333,4.666667,0.041666,7.333333,2.500000,0.041666,7.083333,2.500000,0.041666,6.500000,4.666667,0.041666,6.083333,1.166667,0.041666,6.083333,1.333333,0.041666,6.083333,1.250000,0.041666,6.250000,1.083333,0.041666,7.583333,1.416667,0.041666,7.250000,2.166667,0.041666,7.333333,2.166667,0.041666,7.333333,4.666667,0.041666,7.333333,4.666667,0.041666,7.583333,1.083333,0.041666,7.583333,0.500000,0.041666,7.583333,0.000000,0.041666,7.583333,0.000000,0.041666,7.333333,4.666667,0.041666,21.333330,2.500000,0.041666,14.500000,2.666667,0.041666,14.333330,0.000000,0.041666,21.333330,0.000000,0.041666,14.500000,2.500000,0.041666,14.500000,4.666667,0.041666,21.333330,2.500000,0.041666,11.916670,1.083333,0.041666,7.583333,4.666667,0.041666,7.583333,4.666667,0.041666,11.916670,2.500000,0.041666,11.916670,1.833333,0.041666,11.916670,1.083333,0.041666,7.583333,2.666667,0.041666,12.083330,2.500000,0.041666,11.916670,4.666667,0.041666,11.916670,2.666667,0.041666,14.333330,2.666667,0.041666,12.083330,4.666667,0.041666,11.916670,4.666667,0.041666,21.333330,1.666667,0.041666,12.083330,1.666667,0.041666,13.500000,0.000000,0.041666,13.500000,1.833333,0.041666,11.916670,1.666667,0.041666,12.083330,0.000000,0.041666,13.500000,0.000000,0.041666,7.583333,0.500000,0.041666,7.583333,0.500000,0.041666,7.583333,1.083333,0.041666,7.583333,1.833333,0.041666,11.916670],"morphTargets":[],"morphColors":[],"normals":[],"colors":[],"uvs":[[]],"faces":[2,0,2,1,0,2,3,5,4,0,2,6,8,7,0,2,6,9,8,0,2,10,12,11,0,2,13,15,14,0,2,16,18,17,0,2,16,19,18,0,2,20,22,21,0,2,23,25,24,0,2,26,28,27,0,2,26,29,28,0,2,30,32,31,0,2,33,35,34,0,2,33,36,35,0,2,33,37,36,0,2,38,40,39,0,2,38,41,40,0,2,38,42,41,0,2,43,45,44,0,2,46,48,47,0,2,49,51,50,0,2,49,52,51,0,2,49,53,52,0,2,49,54,53,0,2,55,57,56,0,2,58,60,59,0,2,61,63,62,0,2,61,64,63,0,2,65,67,66,0,2,65,68,67,0,2,69,71,70,0,2,72,74,73,0,2,72,75,74,0,2,76,78,77,0,2,79,81,80,0,2,79,82,81,0,2,83,85,84,0,2,83,86,85,0,2,87,89,88,0,2,87,90,89,0,2,87,91,90,0,2,92,94,93,0,2,95,97,96,0,2,95,98,97,0,2,95,99,98,0,2,100,102,101,0,2,103,105,104,0,2,106,108,107,0,2,109,111,110,0,2,109,112,111,0,2,113,115,114,0,2,113,116,115,0,2,113,117,116,0,2,118,120,119,0,2,118,121,120,0,2,118,122,121,0,2,123,125,124,0,2,126,128,127,0,2,129,131,130,0,2,129,132,131,0,2,133,135,134,0,2,133,136,135,0,2,137,139,138,0,2,140,142,141,0,2,143,145,144,0,2,143,146,145,0,2,147,149,148,0,2,150,152,151,0,2,153,155,154,0,2,153,156,155,0,2,157,159,158,0,2,160,162,161,0,2,163,165,164,0,2,166,168,167,0,2,166,169,168,0,2,170,172,171,0,2,173,175,174,0,2,176,178,177,0,2,176,179,178,0,2,180,182,181,0,2,183,185,184,0,2,186,188,187,0,2,186,189,188,0,2,190,192,191,0,2,190,193,192,0,2,194,196,195,0,2,197,199,198,0,2,200,202,201,0,2,200,203,202,0,2,204,206,205,0,2,207,209,208,0,2,207,210,209,0,2,207,211,210,0,2,212,214,213,0]}